{"cameraMode":{"drawMode":0,"name":"Shaded","section":"Shading Mode"},"sceneLighting":true,"audioPlay":false,"sceneViewState":{"showFog":true,"showMaterialUpdate":false,"showSkybox":true,"showFlares":true,"showImageEffects":true,"showParticleSystems":true},"in2DMode":false,"pivot":{"x":1.5026328563690186,"y":-13.792080879211426,"z":24.46379852294922},"rotation":{"x":-0.22923213243484498,"y":-0.015174491330981255,"z":0.003565538441762328,"w":-0.9732825756072998},"size":41.454063415527347,"orthographic":false}