{"cameraMode":{"drawMode":0,"name":"Shaded","section":"Shading Mode"},"sceneLighting":true,"audioPlay":false,"sceneViewState":{"showFog":true,"showMaterialUpdate":false,"showSkybox":true,"showFlares":true,"showImageEffects":true,"showParticleSystems":true},"in2DMode":false,"pivot":{"x":3.792989492416382,"y":6.009342670440674,"z":0.29042720794677737},"rotation":{"x":0.008051740936934948,"y":0.8775511384010315,"z":-0.4791920781135559,"w":0.014744692482054234},"size":4.907835960388184,"orthographic":false}