{"cameraMode":{"drawMode":0,"name":"Shaded","section":"Shading Mode"},"sceneLighting":true,"audioPlay":false,"sceneViewState":{"showFog":true,"showMaterialUpdate":false,"showSkybox":true,"showFlares":true,"showImageEffects":true,"showParticleSystems":true},"in2DMode":false,"pivot":{"x":5.8334550857543949,"y":5.389407157897949,"z":4.150215148925781},"rotation":{"x":0.0005276025040075183,"y":0.9561269283294678,"z":-0.2929488718509674,"w":0.0017219845904037357},"size":2.711333990097046,"orthographic":false}