{"cameraMode":{"drawMode":0,"name":"Shaded","section":"Shading Mode"},"sceneLighting":true,"audioPlay":false,"sceneViewState":{"showFog":true,"showMaterialUpdate":false,"showSkybox":true,"showFlares":true,"showImageEffects":true,"showParticleSystems":true},"in2DMode":false,"pivot":{"x":5.804187297821045,"y":-5.116463661193848,"z":-19.757823944091798},"rotation":{"x":-0.019086500629782678,"y":0.9791671633720398,"z":-0.16940097510814668,"w":-0.11032489687204361},"size":26.50542449951172,"orthographic":false}