{"cameraMode":{"drawMode":0,"name":"Shaded","section":"Shading Mode"},"sceneLighting":true,"audioPlay":false,"sceneViewState":{"showFog":true,"showMaterialUpdate":false,"showSkybox":true,"showFlares":true,"showImageEffects":true,"showParticleSystems":true},"in2DMode":false,"pivot":{"x":0.3400000035762787,"y":2.2799999713897707,"z":-9.859999656677246},"rotation":{"x":-0.28144505620002749,"y":-0.008063104003667832,"z":0.0023651032242923977,"w":-0.9595414400100708},"size":9.446721076965332,"orthographic":false}