{"cameraMode":{"drawMode":0,"name":"Shaded","section":"Shading Mode"},"sceneLighting":true,"audioPlay":false,"sceneViewState":{"showFog":true,"showMaterialUpdate":false,"showSkybox":true,"showFlares":true,"showImageEffects":true,"showParticleSystems":true},"in2DMode":false,"pivot":{"x":0.7696893215179443,"y":1.0423762798309327,"z":-2.938380241394043},"rotation":{"x":-0.022006604820489885,"y":0.42454609274864199,"z":-0.010322009213268757,"w":-0.9050859212875366},"size":7.052700996398926,"orthographic":false}